{
  "num_classes": 26,
  "images_evaluated": 1120,
  "metrics_all": {
    "pixel_accuracy": 0.9220516229766647,
    "mean_iou": 0.6059087090408587,
    "mean_dice": 0.6995402825318087,
    "mean_accuracy": 0.7710134007799616,
    "per_class_iou": [
      0.6927208422652685,
      0.8366539749528225,
      0.7318499224317615,
      0.8783203107046008,
      0.0,
      0.026181495451519276,
      0.6668570655523312,
      0.0,
      0.0,
      0.0,
      0.0,
      0.0,
      0.0,
      0.9318968174700878,
      0.8457802243880935,
      0.6668407908084505,
      0.39486070760984526,
      0.823779171852541,
      0.0,
      0.8745007301130984,
      0.4341148848438104,
      0.0,
      0.0,
      0.0,
      0.28427369716864986,
      0.0
    ],
    "per_class_dice": [
      0.8184702698387538,
      0.9110632556405333,
      0.8451655226616184,
      0.935218882209843,
      0.0,
      0.051027027027025926,
      0.8001370715387175,
      0.0,
      0.0,
      0.0,
      0.0,
      0.0,
      0.0,
      0.9647480228167172,
      0.9164473789597389,
      0.800125356285551,
      0.5661650736243855,
      0.903376005786677,
      0.0,
      0.9330492285914823,
      0.6054115879162497,
      0.0,
      0.0,
      0.0,
      0.4426995550798379,
      0.0
    ],
    "per_class_accuracy": [
      0.7251677428147056,
      0.9721514935789446,
      0.978243887206528,
      0.9860867884799934,
      0.0,
      0.027352804821510725,
      0.8543038705950301,
      0.0,
      0.0,
      0.0,
      0.0,
      0.0,
      0.0,
      0.9810662505673876,
      0.95079033285458,
      0.9963036333533766,
      0.8360194545107723,
      0.9475884355971353,
      0.0,
      0.9547190282749363,
      0.9027056349705994,
      0.0,
      0.0,
      0.0,
      0.45270165407392243,
      0.0
    ],
    "valid_classes": [
      0,
      1,
      2,
      3,
      5,
      6,
      13,
      14,
      15,
      16,
      17,
      19,
      20,
      24,
      25
    ]
  },
  "metrics_no_bg": {
    "pixel_accuracy": 0.9220516229766647,
    "mean_iou": 0.5997078423819724,
    "mean_dice": 0.6910452834384555,
    "mean_accuracy": 0.7742880906346228,
    "per_class_iou": [
      0.6927208422652685,
      0.8366539749528225,
      0.7318499224317615,
      0.8783203107046008,
      0.0,
      0.026181495451519276,
      0.6668570655523312,
      0.0,
      0.0,
      0.0,
      0.0,
      0.0,
      0.0,
      0.9318968174700878,
      0.8457802243880935,
      0.6668407908084505,
      0.39486070760984526,
      0.823779171852541,
      0.0,
      0.8745007301130984,
      0.4341148848438104,
      0.0,
      0.0,
      0.0,
      0.28427369716864986,
      0.0
    ],
    "per_class_dice": [
      0.8184702698387538,
      0.9110632556405333,
      0.8451655226616184,
      0.935218882209843,
      0.0,
      0.051027027027025926,
      0.8001370715387175,
      0.0,
      0.0,
      0.0,
      0.0,
      0.0,
      0.0,
      0.9647480228167172,
      0.9164473789597389,
      0.800125356285551,
      0.5661650736243855,
      0.903376005786677,
      0.0,
      0.9330492285914823,
      0.6054115879162497,
      0.0,
      0.0,
      0.0,
      0.4426995550798379,
      0.0
    ],
    "per_class_accuracy": [
      0.7251677428147056,
      0.9721514935789446,
      0.978243887206528,
      0.9860867884799934,
      0.0,
      0.027352804821510725,
      0.8543038705950301,
      0.0,
      0.0,
      0.0,
      0.0,
      0.0,
      0.0,
      0.9810662505673876,
      0.95079033285458,
      0.9963036333533766,
      0.8360194545107723,
      0.9475884355971353,
      0.0,
      0.9547190282749363,
      0.9027056349705994,
      0.0,
      0.0,
      0.0,
      0.45270165407392243,
      0.0
    ],
    "valid_classes": [
      1,
      2,
      3,
      5,
      6,
      13,
      14,
      15,
      16,
      17,
      19,
      20,
      24,
      25
    ]
  },
  "confusion_matrix": [
    [
      55707481,
      4311742,
      3175250,
      803576,
      0,
      117,
      3971,
      0,
      0,
      0,
      0,
      0,
      0,
      10129861,
      843725,
      218884,
      22106,
      122321,
      0,
      1069122,
      364004,
      0,
      0,
      0,
      47747,
      224
    ],
    [
      653963,
      29334089,
      58837,
      550,
      0,
      0,
      52,
      0,
      0,
      0,
      0,
      0,
      0,
      96592,
      6182,
      26,
      86,
      8104,
      0,
      2777,
      12540,
      0,
      0,
      0,
      603,
      0
    ],
    [
      121847,
      24587,
      11221419,
      6723,
      0,
      0,
      132,
      0,
      0,
      0,
      0,
      0,
      0,
      58836,
      24121,
      0,
      0,
      0,
      0,
      182,
      11775,
      0,
      0,
      0,
      1361,
      0
    ],
    [
      28689,
      1603,
      26596,
      7643846,
      0,
      0,
      0,
      0,
      0,
      0,
      0,
      0,
      0,
      3151,
      101,
      0,
      0,
      40,
      0,
      135,
      47533,
      0,
      0,
      0,
      3,
      0
    ],
    [
      0,
      0,
      0,
      0,
      0,
      0,
      0,
      0,
      0,
      0,
      0,
      0,
      0,
      0,
      0,
      0,
      0,
      0,
      0,
      0,
      0,
      0,
      0,
      0,
      0,
      0
    ],
    [
      3610,
      10,
      0,
      0,
      0,
      118,
      0,
      0,
      0,
      0,
      0,
      0,
      0,
      576,
      0,
      0,
      0,
      0,
      0,
      0,
      0,
      0,
      0,
      0,
      0,
      0
    ],
    [
      71,
      739,
      3965,
      0,
      0,
      0,
      44364,
      0,
      0,
      0,
      0,
      0,
      0,
      2724,
      67,
      0,
      0,
      0,
      0,
      0,
      0,
      0,
      0,
      0,
      0,
      0
    ],
    [
      0,
      0,
      0,
      0,
      0,
      0,
      0,
      0,
      0,
      0,
      0,
      0,
      0,
      0,
      0,
      0,
      0,
      0,
      0,
      0,
      0,
      0,
      0,
      0,
      0,
      0
    ],
    [
      0,
      0,
      0,
      0,
      0,
      0,
      0,
      0,
      0,
      0,
      0,
      0,
      0,
      0,
      0,
      0,
      0,
      0,
      0,
      0,
      0,
      0,
      0,
      0,
      0,
      0
    ],
    [
      0,
      0,
      0,
      0,
      0,
      0,
      0,
      0,
      0,
      0,
      0,
      0,
      0,
      0,
      0,
      0,
      0,
      0,
      0,
      0,
      0,
      0,
      0,
      0,
      0,
      0
    ],
    [
      0,
      0,
      0,
      0,
      0,
      0,
      0,
      0,
      0,
      0,
      0,
      0,
      0,
      0,
      0,
      0,
      0,
      0,
      0,
      0,
      0,
      0,
      0,
      0,
      0,
      0
    ],
    [
      0,
      0,
      0,
      0,
      0,
      0,
      0,
      0,
      0,
      0,
      0,
      0,
      0,
      0,
      0,
      0,
      0,
      0,
      0,
      0,
      0,
      0,
      0,
      0,
      0,
      0
    ],
    [
      0,
      0,
      0,
      0,
      0,
      0,
      0,
      0,
      0,
      0,
      0,
      0,
      0,
      0,
      0,
      0,
      0,
      0,
      0,
      0,
      0,
      0,
      0,
      0,
      0,
      0
    ],
    [
      2416597,
      363151,
      500922,
      124631,
      0,
      76,
      3990,
      0,
      0,
      0,
      0,
      0,
      0,
      196122423,
      178557,
      19484,
      1226,
      12341,
      0,
      52202,
      106808,
      0,
      0,
      0,
      4928,
      84
    ],
    [
      160603,
      44917,
      67468,
      0,
      0,
      0,
      333,
      0,
      0,
      0,
      0,
      0,
      0,
      207561,
      9754429,
      96,
      0,
      1437,
      0,
      1563,
      13355,
      0,
      0,
      0,
      553,
      6970
    ],
    [
      670,
      0,
      0,
      0,
      0,
      0,
